en,ru,de,es,fr,it,zh-CN
-2.8692747820750695,-4.794134665497184,-4.243304516521426,-4.991484689614379,-5.148115760684927,-4.285688114264841,-4.739902869623865
-4.48446018994217,-2.5841353718043703,-4.133088593492088,-4.878091479518264,-4.176760699058673,-4.523296627750399,-4.655879467212706
-4.930618846266699,-4.774552860423793,-4.0379469599965585,-4.462997827584982,-4.6313982563998835,-4.431588340561143,-4.990098615660487
-4.674371572624309,-5.021880147146265,-4.7727495871756815,-2.8016793488015006,-4.338199515802231,-5.011380256019888,-5.424222399148489
-5.290147445260006,-4.952590374667799,-4.937025447474355,-4.208990849272441,-2.7291004621318296,-5.43715591771142,-4.936180591224373
-4.799421990469429,-4.794196240707295,-4.300997898474728,-4.337782355170861,-4.687859229377445,-2.780610777752546,-4.855441671442151
-4.504738616053311,-4.591048466346129,-4.938967357798336,-4.816368409669856,-5.279403461959724,-6.091201180268334,-4.002327159194845
