en,ru,de,es,fr,it,zh-CN
0.36007515101620335,0.5580088272433548,0.5490313869008067,0.5550225230472452,0.5515384789506836,0.5400425425956445,0.5307038352802642
0.5425690382186134,0.3231904336276927,0.5389939165896729,0.551705629000386,0.534521632686327,0.535619870663114,0.5254133377722611
0.5477974524623753,0.5477786477849071,0.4211083497121405,0.5436251174943559,0.5397143592969295,0.5364275645272791,0.5364393852592502
0.5322249884095688,0.5533006850258034,0.5592103521456016,0.35181947228242777,0.54235683768509,0.5393505369275129,0.5327994751914743
0.5528041144418618,0.5345403751835947,0.5494242754401946,0.5265592284002072,0.34068998113452453,0.552387679721501,0.5329081336295348
0.5302566773886898,0.5335900078098649,0.5423342232822588,0.5339603062208754,0.5405565445014016,0.34206655216802856,0.5590338331767156
0.5371738978651341,0.5250088132610408,0.5306636044846276,0.5327448005441167,0.5353936448436172,0.5429915910604038,0.4907102315864145
