en,ru,de,es,fr,it,zh-CN
0.022178433637657247,0.5338648329000811,0.4923960401957693,0.3954351320519003,0.4058511523735108,0.3958211933953857,0.3617133076221144
0.3362743034477164,0.02931567654857753,0.4135740540934647,0.3472310950131874,0.3520505447355068,0.34855356663130954,0.7147064199356781
0.34373727141301025,0.484608482000467,0.024403625210505764,0.3600405652445798,0.35812530250529345,0.36048371314317423,0.6487323352843959
0.36571970314568786,0.5155774311806539,0.4597017717044572,0.01980979963909224,0.37349130075518755,0.3772005387805877,0.38017061493420945
0.3544208732680676,0.46520653356815145,0.4488103066703234,0.369998260671589,0.021437900975287912,0.3818194404411844,0.4016817662214878
0.33038492389903384,0.455534614129677,0.4458311248013524,0.3638337612022483,0.37046816506843416,0.019045424376681344,0.37891183760623043
0.33982241257013207,0.488372110193603,0.42625362572298703,0.37765697280482574,0.36480061511447065,0.33746137542575516,0.03094751787788571
