en,ru,de,es,fr,it,zh-CN
0.539938710311157,0.6137943258158999,0.5934087788335923,0.5279608762234862,0.5358079338709439,0.5284673481820913,0.5053904502861238
0.4866611985488761,0.5999572779761979,0.5428287821306159,0.49531483891916994,0.4982158090440861,0.49719077081297774,0.7109486538606047
0.4963274346602638,0.5882643118914153,0.5590458814626688,0.5059862163010149,0.5041420152627382,0.5050194500633037,0.6780799424496106
0.5077518072966424,0.6031961045274092,0.5711038121887416,0.5419725026111943,0.513750247928716,0.5160641960817445,0.518571419680037
0.5008830095982495,0.573377034328728,0.5654835535707841,0.5113366868466067,0.5352390601094484,0.5190326815832189,0.5328764468610372
0.4829894683106109,0.5686687361735195,0.5621589039119413,0.5069751320696255,0.5112170516390857,0.5239766706984674,0.5176897951152863
0.48983091470114254,0.5877068443904951,0.5489704077701812,0.5164091290926329,0.5076092575692926,0.4883434260082514,0.6355037507479099
