en,ru,de,es,fr,it,zh-CN
0.0378789857740471,0.03929196459632771,0.03829659831495314,0.034090413383547,0.03480356138785383,0.034053052413569936,0.031364657295439156
0.031899913848464016,0.04053330116437485,0.03453571631011028,0.03160916954584037,0.0319937283095891,0.031600376297915816,0.04208156429268719
0.03236308470766193,0.037269777175717535,0.037635086146999924,0.03229556050450871,0.03242936707005144,0.03231378159998571,0.040272644406693654
0.03288567256746247,0.037983964433436046,0.03631285832688582,0.03648004488972737,0.03284017221614557,0.03297665874256912,0.031450253975216586
0.03232265672624722,0.0350983124665805,0.03591255610548357,0.0326111102616201,0.036146520234005615,0.03317416823318999,0.032510184652396974
0.03087535961896642,0.034897304103476,0.03539500763502141,0.03204726362357311,0.03262226420565601,0.034997372746651365,0.031322016883605724
0.030529653213025806,0.03548094421801642,0.03349489622414602,0.03169876916257503,0.031237180474661144,0.02950372148083724,0.044694452750569526
