en,ru,de,es,fr,it,zh-CN
-0.2676555351480081,-0.21197713069441182,-0.22664603305998426,-0.27739825903776205,-0.2709908599497945,-0.2769818407925252,-0.2963729686432981
-0.3127732786339738,-0.22187967394931615,-0.2653371330294162,-0.30511866098548546,-0.3025824958447161,-0.30347694161968747,-0.14816176375720805
-0.30423171837055024,-0.23042749806633597,-0.25255254766212754,-0.29586131372530816,-0.297447106893553,-0.29669189536153545,-0.16871910182898803
-0.2943485220884692,-0.2195414718261361,-0.24328494085605004,-0.26602274716486446,-0.2892479555313541,-0.28729627071791364,-0.285191422424529
-0.3002636997196942,-0.24155970599024465,-0.24758002150302014,-0.29129304685207097,-0.2714522006008359,-0.2848052953608132,-0.2733734751509827
-0.31606233902996483,-0.24514064739500865,-0.25014090625015245,-0.2950133429739861,-0.29139466872043696,-0.28068804891793453,-0.28593039590051056
-0.30995380871635425,-0.23083925149469545,-0.2604510655471715,-0.28700608886977125,-0.2944704660206008,-0.3112746543003939,-0.19688188189311498
