en,ru,de,es,fr,it,zh-CN
0.021877005602144884,0.016518630572368707,0.017018139671763334,0.015500913642303585,0.01600211219171895,0.015361654125846697,0.010957513739800497
0.015140714381534028,0.02714846931136229,0.015430995577490348,0.014503462792034088,0.014744479208056153,0.014306325882023838,0.012125812929914189
0.015352954034501926,0.01595427376994229,0.023846114276884448,0.014514532563819653,0.014925067646412531,0.014575803476312394,0.011318854792671394
0.015440608589431963,0.01573338484354445,0.015324992999093793,0.022266327253188497,0.015078763245304798,0.015067268434405227,0.010828943756830673
0.015396407145049255,0.013944566444610633,0.015503206436523935,0.014895024538330649,0.022367124028055418,0.01505038857125745,0.011759233807056261
0.014393662628638584,0.013644406255021722,0.015068321821978611,0.014217270144594535,0.014648364105216038,0.02166364774507683,0.010008181371233608
0.011001555523080356,0.011522359092549866,0.011243671108815537,0.010917883739592798,0.010860498353266244,0.009838366369443085,0.020643120827999583
