en,ru,de,es,fr,it,zh-CN
0.015093895702871004,0.009177801046692972,0.00962062506619846,0.009126864441222564,0.009398142077350046,0.009059156709524799,0.00625840628754094
0.009113706799265191,0.019774948835602046,0.009096831636686299,0.008855537286065569,0.008829058209092137,0.008563784904587542,0.007075783260540515
0.009166533274404434,0.009126146288097778,0.016791840139481148,0.00863506762327463,0.008895038943233234,0.00855590229330939,0.006356320289621855
0.009238361146578103,0.008987225065147316,0.008705123567913108,0.01578234699081352,0.009065837531362628,0.00904084709612743,0.006437606888574178
0.009430955557125002,0.008549736999133334,0.008928148248794527,0.009017206040581304,0.01607628666592357,0.008981126423002302,0.007075673741655001
0.00887786385234327,0.008169897374689278,0.00874804405424351,0.008594105128817468,0.008809086675021494,0.015493025467434,0.0052998406942121445
0.006338405082574191,0.006807261138716289,0.00651435613833256,0.006405707513085076,0.006390931537595082,0.005947776386989349,0.011480889772563828
