en,ru,de,es,fr,it,zh-CN
0.0013512173651406589,1.6064430518963223e-05,5.710780704728542e-05,1.0198007109203986e-05,7.110239657881877e-06,5.179786814084028e-05,1.8201078819608298e-05
3.2774781877477424e-05,0.002605341325243099,7.360569309412358e-05,1.3240626060990708e-05,6.656398298939132e-05,2.9971147584880845e-05,2.2086176210724307e-05
1.1732245813784016e-05,1.6805333660929106e-05,9.16332394158567e-05,3.443516532646894e-05,2.3366934629819254e-05,3.7017889903724605e-05,1.0230606585482193e-05
2.1165494880556498e-05,9.508671695891353e-06,1.6875257669404517e-05,0.0015787764922787324,4.589871047494496e-05,9.741363378606451e-06,3.7651094100375733e-06
5.126872944088539e-06,1.115346028863294e-05,1.1560445018086937e-05,6.180294220844001e-05,0.001865948004949911,3.654635615965433e-06,1.1582956058053424e-05
1.5870039566867332e-05,1.6062153030748026e-05,5.000369546203268e-05,4.5942819563717166e-05,2.0518271427845277e-05,0.0016572545583903588,1.394948995731732e-05
3.12796139173522e-05,2.5641978614888477e-05,1.1508868880174809e-05,1.526270781644206e-05,5.255288203799073e-06,8.105854795593034e-07,9.946558489849839e-05
